City_ID,City,Country,Date,Lat,Lng,Max Temp,Humidity,Cloudiness,Wind Speed
0,Ushuaia,AR,2021-06-05 13:51:42,-54.8,-68.3,28.06,93,75,6.91
1,College,US,2021-06-05 13:52:49,64.8569,-147.8028,52.9,76,20,0.0
2,Bengkulu,ID,2021-06-05 13:52:49,-3.8004,102.2655,77.05,90,20,3.78
3,Mairana,BO,2021-06-05 13:52:50,-18.1167,-63.9333,62.4,76,100,7.38
4,Namatanai,PG,2021-06-05 13:52:50,-3.6667,152.4333,79.52,83,29,6.2
5,Alofi,NU,2021-06-05 13:52:50,-19.0595,-169.9187,71.49,83,72,8.05
6,Jilin,CN,2021-06-05 13:52:51,43.0,126.0,53.37,84,100,3.49
7,Butaritari,KI,2021-06-05 13:52:51,3.0707,172.7902,82.56,68,90,4.52
8,Port Alfred,ZA,2021-06-05 13:52:51,-33.5906,26.891,64.63,71,0,13.94
9,Rikitea,PF,2021-06-05 13:52:52,-23.1203,-134.9692,75.16,79,100,11.36
10,Hithadhoo,MV,2021-06-05 13:52:52,-0.6,73.0833,83.39,75,100,15.23
11,La Palma,US,2021-06-05 13:52:52,33.8464,-118.0467,67.96,83,90,1.99
12,Hermanus,ZA,2021-06-05 13:52:52,-34.4187,19.2345,69.8,50,0,3.24
13,Arraial Do Cabo,BR,2021-06-05 13:52:53,-22.9661,-42.0278,78.66,69,40,13.8
14,Yellowknife,CA,2021-06-05 13:52:53,62.456,-114.3525,57.29,93,75,4.61
15,Yulara,AU,2021-06-05 13:52:53,-25.2406,130.9889,55.24,47,0,8.05
16,Ulladulla,AU,2021-06-05 13:52:54,-35.35,150.4667,52.7,65,100,6.42
17,Mataura,NZ,2021-06-05 13:52:54,-46.1927,168.8643,49.48,95,64,2.15
18,Qaanaaq,GL,2021-06-05 13:52:55,77.484,-69.3632,37.18,76,100,6.17
19,Thompson,CA,2021-06-05 13:52:55,55.7435,-97.8558,48.36,93,90,5.75
20,Ormara,PK,2021-06-05 13:52:55,25.2088,64.6357,84.47,77,2,9.82
21,Dingle,PH,2021-06-05 13:52:55,10.9995,122.6711,78.62,87,52,3.18
22,Albany,US,2021-06-05 13:50:14,42.6001,-73.9662,79.61,75,9,8.52
23,San Luis,AR,2021-06-05 13:52:56,-33.295,-66.3356,56.03,49,0,21.07
24,Kamenka,RU,2021-06-05 13:52:56,51.3223,42.7678,55.26,95,100,13.2
25,Miyako,JP,2021-06-05 13:52:57,39.6367,141.9525,62.73,79,100,5.99
26,Bredasdorp,ZA,2021-06-05 13:52:57,-34.5322,20.0403,69.28,52,0,4.09
27,Maniitsoq,GL,2021-06-05 13:52:57,65.4167,-52.9,38.14,97,100,12.41
28,Elko,US,2021-06-05 13:52:58,41.0002,-115.5012,63.05,51,6,6.89
29,Atuona,PF,2021-06-05 13:52:58,-9.8,-139.0333,78.48,75,91,11.74
30,Fairbanks,US,2021-06-05 13:50:03,64.8378,-147.7164,57.22,78,1,8.05
31,Namibe,AO,2021-06-05 13:52:58,-15.1961,12.1522,80.49,46,2,8.14
32,Jamestown,US,2021-06-05 13:52:04,42.097,-79.2353,78.3,53,1,13.8
33,Ushtobe,KZ,2021-06-05 13:52:59,45.2514,77.9838,65.34,32,1,18.97
34,Acarau,BR,2021-06-05 13:52:59,-2.8856,-40.12,85.87,55,0,11.9
35,Bonavista,CA,2021-06-05 13:52:59,48.6499,-53.1147,50.0,82,98,3.91
36,Khor,RU,2021-06-05 13:53:00,47.8861,134.9464,46.51,88,99,9.08
37,Pacific Grove,US,2021-06-05 13:50:46,36.6177,-121.9166,55.42,91,8,4.0
38,Sorland,NO,2021-06-05 13:53:00,67.667,12.6934,55.47,86,21,11.3
39,Dudinka,RU,2021-06-05 13:53:00,69.4058,86.1778,32.86,82,99,6.76
40,Puerto Ayora,EC,2021-06-05 13:53:01,-0.7393,-90.3518,74.55,87,98,7.0
41,Whitehorse,CA,2021-06-05 13:53:01,60.7161,-135.0538,41.09,80,75,4.0
42,Bluff,NZ,2021-06-05 13:53:01,-46.6,168.3333,49.8,68,100,13.33
43,Avarua,CK,2021-06-05 13:53:02,-21.2078,-159.775,73.45,100,90,6.91
44,Torbay,CA,2021-06-05 13:53:02,47.6666,-52.7314,63.75,91,75,10.36
45,Turukhansk,RU,2021-06-05 13:53:02,65.8167,87.9833,39.0,92,100,18.25
46,Darhan,MN,2021-06-05 13:53:03,49.4867,105.9228,74.25,35,100,2.28
47,Pevek,RU,2021-06-05 13:53:03,69.7008,170.3133,40.86,96,100,8.88
48,Dikson,RU,2021-06-05 13:53:03,73.5069,80.5464,30.97,96,99,13.42
49,Cocal,BR,2021-06-05 13:53:04,-28.6167,-49.35,80.29,50,0,3.2
50,Palafrugell,ES,2021-06-05 13:53:04,41.9174,3.1631,78.35,19,48,12.62
51,Vaini,TO,2021-06-05 13:53:04,-21.2,-175.2,68.16,83,20,0.0
52,Chokurdakh,RU,2021-06-05 13:53:05,70.6333,147.9167,51.87,76,100,10.83
53,Xuddur,SO,2021-06-05 13:53:05,4.1213,43.8894,89.73,33,96,14.85
54,Ankang,CN,2021-06-05 13:53:05,32.68,109.0172,75.34,65,0,1.21
55,Ostrovnoy,RU,2021-06-05 13:53:06,68.0531,39.5131,46.26,76,100,14.61
56,Jijiga,ET,2021-06-05 13:53:06,9.35,42.8,76.03,48,47,16.11
57,Sharlyk,RU,2021-06-05 13:53:07,52.9167,54.75,63.48,43,43,13.09
58,Carutapera,BR,2021-06-05 13:53:07,-1.195,-46.02,86.86,60,6,9.01
59,Thunder Bay,CA,2021-06-05 13:53:07,48.4001,-89.3168,69.98,96,75,4.61
60,Skibbereen,IE,2021-06-05 13:53:08,51.55,-9.2667,60.6,74,99,6.15
61,Airai,TL,2021-06-05 13:53:08,-8.9266,125.4092,58.19,93,94,3.22
62,Coquimbo,CL,2021-06-05 13:53:08,-29.9533,-71.3436,58.73,82,20,3.31
63,Havelock,US,2021-06-05 13:49:00,34.8791,-76.9013,82.02,86,100,3.0
64,Coihaique,CL,2021-06-05 13:53:09,-45.5752,-72.0662,38.01,87,40,4.61
65,Hobart,AU,2021-06-05 13:53:09,-42.8794,147.3294,48.02,71,20,1.01
66,Portland,US,2021-06-05 13:48:42,45.5234,-122.6762,58.98,71,100,1.01
67,Yelovo,RU,2021-06-05 13:53:09,57.0538,54.9207,69.51,51,6,5.73
68,Ust-Kuyga,RU,2021-06-05 13:53:10,70.0167,135.6,38.57,96,100,7.67
69,Provideniya,RU,2021-06-05 13:53:10,64.3833,-173.3,35.15,97,100,3.47
70,Kisangani,CD,2021-06-05 13:53:10,0.5167,25.2,86.36,54,75,5.08
71,Batemans Bay,AU,2021-06-05 13:53:11,-35.7167,150.1833,47.91,66,100,4.94
72,Punta Arenas,CL,2021-06-05 13:48:32,-53.15,-70.9167,33.91,100,40,7.81
73,Busselton,AU,2021-06-05 13:53:11,-33.65,115.3333,57.09,74,23,11.65
74,Kapaa,US,2021-06-05 13:49:31,22.0752,-159.319,75.52,74,40,13.89
75,Port Augusta,AU,2021-06-05 13:53:12,-32.5,137.7667,50.14,70,6,5.55
76,Waingapu,ID,2021-06-05 13:53:13,-9.6567,120.2641,76.59,83,55,6.69
77,Port Elizabeth,ZA,2021-06-05 13:53:13,-33.918,25.5701,75.09,45,0,8.05
78,Madhugiri,IN,2021-06-05 13:53:14,13.6606,77.2092,75.7,78,100,11.54
79,Choix,MX,2021-06-05 13:53:14,26.7092,-108.3219,80.67,35,0,3.02
80,Bara,NG,2021-06-05 13:53:14,10.3744,10.7288,95.04,36,89,8.55
81,Kosum Phisai,TH,2021-06-05 13:53:15,16.2486,103.0674,89.19,70,100,5.1
82,Beli Potok,RS,2021-06-05 13:53:15,44.7061,20.5197,79.38,34,9,2.68
83,Katsuura,JP,2021-06-05 13:53:15,35.1333,140.3,72.1,86,100,10.31
84,Lavrentiya,RU,2021-06-05 13:53:16,65.5833,-171.0,31.21,98,100,5.84
85,Hualmay,PE,2021-06-05 13:53:16,-11.0964,-77.6139,66.34,76,53,6.93
86,San Cristobal,VE,2021-06-05 13:53:16,7.7669,-72.225,77.18,67,95,5.79
87,Cedar City,US,2021-06-05 13:53:17,37.6775,-113.0619,73.4,25,44,2.3
88,Rokytne,UA,2021-06-05 13:53:17,51.2796,27.214,62.85,62,99,1.81
89,Saint-Philippe,RE,2021-06-05 13:53:17,-21.3585,55.7679,76.55,84,48,5.46
90,Khatanga,RU,2021-06-05 13:53:18,71.9667,102.5,34.95,83,100,8.05
91,Nosy Varika,MG,2021-06-05 13:53:18,-20.5833,48.5333,74.79,77,7,2.86
92,Hilo,US,2021-06-05 13:53:18,19.7297,-155.09,77.29,90,48,0.54
93,Alyangula,AU,2021-06-05 13:53:19,-13.8483,136.4192,64.27,88,17,9.44
94,Oktyabrskiy,RU,2021-06-05 13:53:19,54.4815,53.471,61.2,61,75,8.01
95,Sobolevo,RU,2021-06-05 13:53:20,54.4299,31.8996,69.75,51,83,5.64
96,Castro-Urdiales,ES,2021-06-05 13:53:20,43.3829,-3.2204,71.92,60,0,10.36
97,Tuktoyaktuk,CA,2021-06-05 13:53:20,69.4541,-133.0374,32.0,93,90,11.5
98,Metro,ID,2021-06-05 13:53:03,-5.1131,105.3067,76.53,91,17,4.18
99,Gizo,SB,2021-06-05 13:53:21,-8.103,156.8419,81.46,76,100,4.07
100,Ribeira Grande,PT,2021-06-05 13:53:21,38.5167,-28.7,68.4,88,20,10.36
101,Makakilo City,US,2021-06-05 13:53:21,21.3469,-158.0858,74.68,74,40,14.83
102,Georgetown,MY,2021-06-05 13:49:34,5.4112,100.3354,80.89,92,40,5.99
103,Adrar,MR,2021-06-05 13:53:22,20.5022,-10.0711,103.15,13,6,21.63
104,Gazojak,TM,2021-06-05 13:53:22,41.1875,61.4036,105.82,11,10,8.97
105,Clyde River,CA,2021-06-05 13:53:23,70.4692,-68.5914,28.63,100,90,18.41
106,Leningradskiy,RU,2021-06-05 13:53:23,69.3833,178.4167,33.31,94,100,9.51
107,Maneadero,MX,2021-06-05 13:53:23,31.7167,-116.5667,59.11,85,29,5.01
108,Jiwani,PK,2021-06-05 13:53:24,25.05,61.7417,84.7,79,12,12.88
109,Labuhan,ID,2021-06-05 13:53:24,-6.8844,112.2051,81.01,80,56,6.98
110,Shache,CN,2021-06-05 13:53:24,38.4167,77.2406,86.94,14,2,8.63
111,Betare Oya,CM,2021-06-05 13:53:25,5.6,14.0833,77.18,79,93,3.22
112,New Norfolk,AU,2021-06-05 13:53:25,-42.7826,147.0587,47.66,64,71,1.99
113,Ancud,CL,2021-06-05 13:53:25,-41.8697,-73.8203,46.22,77,89,1.23
114,Boyolangu,ID,2021-06-05 13:53:26,-8.1181,111.8935,76.84,91,70,3.85
115,Darnah,LY,2021-06-05 13:53:26,32.767,22.6367,73.26,60,3,18.32
116,Luderitz,NA,2021-06-05 13:53:26,-26.6481,15.1594,80.62,24,0,3.02
117,Tilichiki,RU,2021-06-05 13:53:27,60.4667,166.1,39.04,88,100,0.69
118,Carnarvon,AU,2021-06-05 13:53:27,-24.8667,113.6333,66.27,77,98,6.91
119,Fort Beaufort,ZA,2021-06-05 13:53:27,-32.7748,26.6338,65.84,30,0,8.08
120,Okrika,NG,2021-06-05 13:53:28,4.7416,7.0849,75.02,85,100,1.52
121,Barrow,US,2021-06-05 13:53:28,71.2906,-156.7887,30.22,93,90,9.22
122,Mabamba,TZ,2021-06-05 13:53:28,-3.5983,30.5019,75.51,60,100,1.48
123,Neiafu,TO,2021-06-05 13:53:29,-18.65,-173.9833,72.28,88,90,3.44
124,Nanortalik,GL,2021-06-05 13:53:29,60.1432,-45.2371,45.63,65,100,9.48
125,San Pedro,PH,2021-06-05 13:53:29,14.35,121.0167,85.35,82,40,6.62
126,Gol,NO,2021-06-05 13:53:30,60.7014,8.9457,74.86,38,100,3.22
127,Lebu,CL,2021-06-05 13:53:30,-37.6167,-73.65,49.96,76,62,8.3
128,Camana,PE,2021-06-05 13:53:30,-16.6228,-72.7111,66.16,75,12,5.53
129,Kokopo,PG,2021-06-05 13:53:30,-4.352,152.2633,77.68,86,10,8.03
130,Bambous Virieux,MU,2021-06-05 13:53:31,-20.3428,57.7575,77.25,73,40,9.6
131,Paracelis,PH,2021-06-05 13:53:31,17.2667,121.4667,77.94,83,100,3.89
132,Bethel,US,2021-06-05 13:53:31,41.3712,-73.414,81.48,75,35,1.99
133,Haines Junction,CA,2021-06-05 13:53:32,60.7522,-137.5108,37.35,81,86,2.3
134,Yerbogachen,RU,2021-06-05 13:53:32,61.2767,108.0108,46.22,70,100,3.04
135,Beringovskiy,RU,2021-06-05 13:53:32,63.05,179.3167,39.67,84,100,7.87
136,Sakaiminato,JP,2021-06-05 13:53:33,35.55,133.2333,69.78,68,75,9.22
137,La Ronge,CA,2021-06-05 13:53:33,55.1001,-105.2842,59.22,82,75,3.44
138,Chernyshevskiy,RU,2021-06-05 13:53:33,63.0128,112.4714,46.56,55,100,3.47
139,San Patricio,US,2021-06-05 13:53:34,28.017,-97.5169,80.87,76,2,3.98
140,Baykit,RU,2021-06-05 13:53:34,61.67,96.37,45.18,61,36,2.86
141,Abu Kamal,SY,2021-06-05 13:53:34,34.4506,40.9171,95.2,15,0,14.74
142,Severo-Kurilsk,RU,2021-06-05 13:53:35,50.6789,156.125,41.56,95,100,25.99
143,North Bend,US,2021-06-05 13:53:35,43.4065,-124.2243,53.15,90,90,9.22
144,Port Hardy,CA,2021-06-05 13:53:35,50.6996,-127.4199,48.38,93,75,6.91
145,Souillac,MU,2021-06-05 13:53:36,-20.5167,57.5167,77.38,73,40,9.22
146,Consuegra,ES,2021-06-05 13:53:36,39.4625,-3.608,71.02,47,100,6.82
147,Matara,LK,2021-06-05 13:53:36,5.9485,80.5353,79.92,84,88,11.77
148,Bubaque,GW,2021-06-05 13:53:37,11.2833,-15.8333,79.3,82,76,8.63
149,Mar Del Plata,AR,2021-06-05 13:49:10,-38.0023,-57.5575,53.13,29,0,1.01
150,Evensk,RU,2021-06-05 13:53:37,61.95,159.2333,41.65,91,100,1.59
151,Ponta Do Sol,PT,2021-06-05 13:53:37,32.6667,-17.1,72.72,74,37,3.71
152,Jieshi,CN,2021-06-05 13:53:38,22.8134,115.8257,80.71,83,100,5.21
153,Jiujiang,CN,2021-06-05 13:53:38,29.7333,115.9833,74.39,66,5,5.32
154,El Doncello,CO,2021-06-05 13:53:38,1.6782,-75.2847,76.75,78,69,2.19
155,Port Blair,IN,2021-06-05 13:53:39,11.6667,92.75,83.71,76,100,10.83
156,Sorgun,TR,2021-06-05 13:53:39,39.8101,35.186,61.03,48,80,7.36
157,Suntar,RU,2021-06-05 13:53:39,62.1444,117.6319,51.1,68,100,1.88
158,Kerman,IR,2021-06-05 13:53:40,30.2832,57.0788,100.26,7,20,14.25
159,Long Beach,US,2021-06-05 13:50:59,33.767,-118.1892,64.42,85,90,1.01
160,Khairagarh,IN,2021-06-05 13:53:40,26.95,77.8167,96.75,26,99,6.44
161,Oktyabrskoye,RU,2021-06-05 13:53:40,43.0645,44.7417,60.94,88,75,2.37
162,Ayan,RU,2021-06-05 13:53:41,56.45,138.1667,38.5,96,100,10.85
163,Mumford,GH,2021-06-05 13:53:41,5.2618,-0.759,83.91,70,87,14.81
164,Ilobu,NG,2021-06-05 13:53:41,7.8333,4.4833,81.12,68,99,7.47
165,Kibondo,TZ,2021-06-05 13:53:42,-3.5864,30.7203,73.44,59,100,1.74
166,Krasnoselkup,RU,2021-06-05 13:53:42,65.7,82.4667,38.21,69,88,22.93
167,Puqi,CN,2021-06-05 13:53:42,29.7167,113.8833,71.02,76,0,4.07
168,Vardo,NO,2021-06-05 13:53:43,70.3705,31.1107,52.0,61,40,14.97
169,Hofn,IS,2021-06-05 13:53:43,64.2539,-15.2082,51.82,87,90,8.05
170,Santa Maria,BR,2021-06-05 13:49:56,-29.6842,-53.8069,83.5,42,0,14.97
171,Kodiak,US,2021-06-05 13:53:43,57.79,-152.4072,45.79,77,92,5.66
172,Goderich,CA,2021-06-05 13:53:23,43.7501,-81.7165,76.21,56,85,8.05
173,Niteroi,BR,2021-06-05 13:51:00,-22.8833,-43.1036,79.59,80,0,4.61
174,Husavik,IS,2021-06-05 13:53:44,66.0449,-17.3389,62.51,61,62,2.46
175,Taunggyi,MM,2021-06-05 13:53:44,20.7833,97.0333,65.93,94,82,2.57
176,Lagoa,PT,2021-06-05 13:53:44,39.05,-27.9833,62.58,83,0,1.86
177,Lebyazhye,RU,2021-06-05 13:53:45,55.2689,66.4947,67.64,41,12,2.84
178,Khandyga,RU,2021-06-05 13:53:45,62.6667,135.6,60.96,52,6,2.35
179,East London,ZA,2021-06-05 13:53:45,-33.0153,27.9116,68.94,60,0,9.22
180,Manokwari,ID,2021-06-05 13:53:46,-0.8667,134.0833,78.13,84,100,5.28
181,Los Llanos De Aridane,ES,2021-06-05 13:53:46,28.6585,-17.9182,69.55,68,20,11.01
182,Longyearbyen,SJ,2021-06-05 13:53:46,78.2186,15.6401,33.6,83,80,9.28
183,Kampot,KH,2021-06-05 13:53:47,10.6167,104.1833,84.25,78,99,8.66
184,Nikolskoye,RU,2021-06-05 13:53:47,59.7035,30.7861,78.69,33,88,1.19
185,Klaksvik,FO,2021-06-05 13:53:47,62.2266,-6.589,52.72,93,83,12.86
186,Mananjary,MG,2021-06-05 13:53:48,-21.2167,48.3333,74.46,76,10,7.27
187,Byron Bay,AU,2021-06-05 13:53:48,-28.65,153.6167,53.55,82,10,7.76
188,Moree,AU,2021-06-05 13:53:48,-29.4667,149.85,42.82,81,11,5.75
189,Petropavlovsk-Kamchatskiy,RU,2021-06-05 13:53:49,53.0452,158.6483,41.59,100,75,17.18
190,Nizhniy Kuranakh,RU,2021-06-05 13:53:49,58.8353,125.4869,58.48,59,48,6.04
191,Chuy,UY,2021-06-05 13:53:49,-33.6971,-53.4616,64.17,96,100,4.74
192,Alcaniz,ES,2021-06-05 13:53:50,41.05,-0.1333,70.43,42,100,1.81
193,Cockburn Town,TC,2021-06-05 13:53:50,21.4612,-71.1419,79.63,78,2,21.88
194,Along,IN,2021-06-05 13:53:50,28.1667,94.7667,71.31,98,100,0.34
195,Chipoka,MW,2021-06-05 13:53:50,-13.9933,34.5157,75.09,50,77,12.68
196,Haimen,CN,2021-06-05 13:53:51,23.1935,116.6142,80.49,90,100,2.26
197,Cape Town,ZA,2021-06-05 13:49:01,-33.9258,18.4232,74.26,35,0,1.01
198,Roebourne,AU,2021-06-05 13:53:51,-20.7833,117.1333,73.9,72,7,7.2
199,Ossora,RU,2021-06-05 13:53:51,59.2353,163.0719,44.15,87,100,1.23
200,Saskylakh,RU,2021-06-05 13:53:52,71.9167,114.0833,38.98,71,97,7.72
201,Gat,IL,2021-06-05 13:53:52,31.61,34.7642,82.4,47,0,13.62
202,Portsmouth,GB,2021-06-05 13:51:35,50.799,-1.0913,74.34,100,12,1.99
203,Vacaria,BR,2021-06-05 13:53:53,-28.5122,-50.9339,71.71,61,0,10.49
204,Laguna,US,2021-06-05 13:53:53,38.421,-121.4238,67.82,65,4,5.01
205,Montes Claros,BR,2021-06-05 13:53:53,-16.735,-43.8617,73.18,53,75,14.97
206,Chepareria,KE,2021-06-05 13:53:54,1.3077,35.2039,67.14,77,100,3.74
207,Iskateley,RU,2021-06-05 13:53:54,67.6803,53.1512,50.4,66,100,11.86
208,High Level,CA,2021-06-05 13:53:54,58.5169,-117.136,46.51,100,40,1.81
209,Havre-Saint-Pierre,CA,2021-06-05 13:53:54,50.2334,-63.5986,57.56,77,75,10.36
210,Palmas,BR,2021-06-05 13:53:55,-10.2128,-48.3603,84.07,51,0,13.8
211,Saldanha,ZA,2021-06-05 13:53:55,-33.0117,17.9442,77.05,34,0,2.66
212,Grindavik,IS,2021-06-05 13:53:56,63.8424,-22.4338,55.56,93,75,18.01
213,Flinders,AU,2021-06-05 13:53:56,-34.5833,150.8552,52.88,58,100,1.99
214,Yeppoon,AU,2021-06-05 13:53:56,-23.1333,150.7333,51.58,71,0,7.27
215,Ust-Nera,RU,2021-06-05 13:53:57,64.5667,143.2,62.28,49,38,2.1
216,Kavaratti,IN,2021-06-05 13:53:57,10.5669,72.642,82.49,77,100,13.02
217,Panaba,MX,2021-06-05 13:53:57,21.2833,-88.2667,84.36,69,86,9.86
218,Isangel,VU,2021-06-05 13:53:58,-19.55,169.2667,74.59,82,65,6.29
219,Faanui,PF,2021-06-05 13:53:58,-16.4833,-151.75,80.65,74,98,5.86
220,Avera,US,2021-06-05 13:53:58,33.194,-82.5271,82.06,86,100,3.4
221,Kahului,US,2021-06-05 13:53:59,20.8947,-156.47,75.85,76,90,16.11
222,Namie,JP,2021-06-05 13:53:59,37.4833,141.0,67.71,88,100,5.28
223,Tasiilaq,GL,2021-06-05 13:53:59,65.6145,-37.6368,38.39,98,100,1.48
224,Hanzhong,CN,2021-06-05 13:54:00,33.0728,107.0303,73.8,68,36,4.92
225,Port Lincoln,AU,2021-06-05 13:54:00,-34.7333,135.8667,58.12,90,50,11.77
226,Cidreira,BR,2021-06-05 13:54:00,-30.1811,-50.2056,74.64,63,0,5.17
227,Juazeiro,BR,2021-06-05 13:54:01,-9.4117,-40.4986,82.58,57,40,13.8
228,Manta,EC,2021-06-05 13:54:01,-0.95,-80.7333,74.98,83,90,11.5
229,Bahar,IR,2021-06-05 13:54:01,34.9072,48.4414,87.96,12,20,20.15
230,Sumoto,JP,2021-06-05 13:54:02,34.35,134.9,69.84,89,100,12.44
231,Margate,GB,2021-06-05 13:54:02,51.3813,1.3862,70.18,69,89,3.11
232,Geraldton,AU,2021-06-05 13:54:02,-28.7667,114.6,52.21,87,0,7.61
233,Narsaq,GL,2021-06-05 13:54:02,60.9167,-46.05,48.54,55,100,6.64
234,Castro,BR,2021-06-05 13:51:54,-24.7911,-50.0119,70.63,55,0,9.64
235,Matagami,CA,2021-06-05 13:54:03,49.7502,-77.6328,53.71,94,90,8.34
236,Kavieng,PG,2021-06-05 13:54:03,-2.5744,150.7967,82.15,79,72,8.14
237,Limenaria,GR,2021-06-05 13:54:04,40.6261,24.5786,75.06,59,19,9.13
238,Barcelos,PT,2021-06-05 13:54:04,41.5388,-8.6151,83.28,40,49,10.2
239,Iqaluit,CA,2021-06-05 13:54:04,63.7506,-68.5145,31.73,93,90,8.01
240,Tual,ID,2021-06-05 13:54:05,-5.6667,132.75,81.34,77,84,19.1
241,Valparaiso,CL,2021-06-05 13:50:51,-33.0393,-71.6273,56.48,92,0,5.75
242,Novoagansk,RU,2021-06-05 13:54:05,61.9449,76.6625,60.66,47,100,14.09
243,Tubmanburg,LR,2021-06-05 13:54:05,6.8708,-10.8172,84.88,74,77,5.66
244,Marawi,PH,2021-06-05 13:54:06,7.9986,124.2928,74.64,93,100,1.34
245,Mantua,IT,2021-06-05 13:54:06,45.1667,10.7833,88.09,46,26,8.99
246,San Quintin,MX,2021-06-05 13:54:06,30.4833,-115.95,61.47,82,11,6.08
247,Puerto Escondido,MX,2021-06-05 13:54:07,15.85,-97.0667,83.44,70,100,1.5
248,Codrington,AU,2021-06-05 13:54:07,-38.2667,141.9667,53.94,86,100,7.58
249,Tessalit,ML,2021-06-05 13:54:07,20.1986,1.0114,112.14,4,0,16.06
250,Inta,RU,2021-06-05 13:54:08,66.0317,60.1659,59.32,51,100,11.83
251,Quthing,LS,2021-06-05 13:54:08,-30.4,27.7003,56.23,21,0,1.7
252,Sinnamary,GF,2021-06-05 13:54:08,5.3833,-52.95,81.97,77,57,8.95
253,Betafo,MG,2021-06-05 13:54:09,-19.8333,46.85,62.31,65,77,4.63
254,Conde,BR,2021-06-05 13:54:09,-7.2597,-34.9075,81.86,74,40,12.95
255,Kuala Lipis,MY,2021-06-05 13:54:09,4.1842,102.0468,75.4,95,45,1.41
256,Saint Anthony,US,2021-06-05 13:54:10,45.0205,-93.218,82.98,49,40,1.99
257,Polyarnyy,RU,2021-06-05 13:54:10,69.1989,33.4478,55.87,75,99,9.22
258,Urucui,BR,2021-06-05 13:54:10,-7.2294,-44.5561,89.76,43,12,11.41
259,Gaya,IN,2021-06-05 13:54:11,24.7833,85.0,94.91,46,40,8.05
260,Giresun,TR,2021-06-05 13:54:11,40.5,38.5,37.92,92,100,8.66
261,Mahebourg,MU,2021-06-05 13:54:11,-20.4081,57.7,77.29,73,40,9.22
262,Padang,ID,2021-06-05 13:54:12,-0.9492,100.3543,76.32,88,100,4.74
263,Wanning,CN,2021-06-05 13:54:12,18.8003,110.3967,77.85,89,100,3.94
264,Mount Gambier,AU,2021-06-05 13:54:12,-37.8333,140.7667,53.51,100,90,8.05
265,Leogane,HT,2021-06-05 13:54:13,18.5108,-72.6339,83.05,67,2,3.02
266,Rabak,SD,2021-06-05 13:54:13,13.1809,32.74,102.29,23,36,9.04
267,Mathbaria,BD,2021-06-05 13:54:13,22.2876,89.9593,86.16,78,100,12.17
268,Muroto,JP,2021-06-05 13:54:14,33.2833,134.15,69.03,79,100,11.34
269,Cervo,ES,2021-06-05 13:54:14,43.6702,-7.4101,80.19,66,6,11.21
270,Cayenne,GF,2021-06-05 13:54:14,4.9333,-52.3333,83.08,83,37,5.01
271,Ouesso,CG,2021-06-05 13:54:15,1.6136,16.0517,88.56,52,92,3.04
272,Hasaki,JP,2021-06-05 13:54:15,35.7333,140.8333,68.29,84,100,4.03
273,Pandharpur,IN,2021-06-05 13:54:15,17.6667,75.3333,84.83,60,87,8.79
274,Yarada,IN,2021-06-05 13:54:16,17.65,83.2667,88.12,70,20,13.42
275,Fortuna,US,2021-06-05 13:54:16,40.5982,-124.1573,52.2,61,1,8.05
276,Nouadhibou,MR,2021-06-05 13:54:16,20.931,-17.0347,85.98,28,55,26.46
277,Lompoc,US,2021-06-05 13:49:43,34.6391,-120.4579,56.57,82,90,4.0
278,Krasnoshchekovo,RU,2021-06-05 13:54:17,51.6708,82.7289,52.5,68,52,4.41
279,Santo Tomas,PH,2021-06-05 13:54:17,14.1079,121.1414,84.58,86,8,3.33
280,Ambovombe,MG,2021-06-05 13:54:17,-25.1667,46.0833,66.33,84,97,12.5
281,Talnakh,RU,2021-06-05 13:54:18,69.4865,88.3972,29.61,91,97,3.94
282,Rio Grande,BR,2021-06-05 13:54:18,-32.035,-52.0986,80.71,61,0,11.79
283,Sitka,US,2021-06-05 13:54:18,57.0531,-135.33,48.54,88,100,1.1
284,Upernavik,GL,2021-06-05 13:54:19,72.7868,-56.1549,37.67,79,71,3.42
285,Half Moon Bay,US,2021-06-05 13:54:19,37.4636,-122.4286,57.16,83,75,1.01
286,Port-Gentil,GA,2021-06-05 13:54:19,-0.7193,8.7815,84.16,74,75,13.8
287,Juegang,CN,2021-06-05 13:54:19,32.3174,121.1855,72.79,62,1,13.02
288,Tautira,PF,2021-06-05 13:54:20,-17.7333,-149.15,78.82,76,85,9.84
289,Sept-Iles,CA,2021-06-05 13:53:44,50.2001,-66.3821,50.43,93,90,5.99
290,Kaseda,JP,2021-06-05 13:54:20,31.4167,130.3167,63.36,89,100,8.99
291,Pangnirtung,CA,2021-06-05 13:54:21,66.1451,-65.7125,36.09,84,45,3.13
292,Kieta,PG,2021-06-05 13:54:21,-6.2167,155.6333,78.6,84,19,5.12
293,Batagay,RU,2021-06-05 13:54:21,67.6333,134.6333,59.76,72,97,8.21
294,Porto Velho,BR,2021-06-05 13:50:16,-8.7619,-63.9039,82.45,74,0,3.44
295,Bonfim,BR,2021-06-05 13:54:22,3.0833,-59.95,84.36,67,6,4.83
296,Moche,PE,2021-06-05 13:54:22,-8.1711,-79.0092,66.38,88,90,4.32
297,Taoudenni,ML,2021-06-05 13:54:22,22.6783,-3.9836,117.01,4,10,8.28
298,Vrangel,RU,2021-06-05 13:54:23,42.7297,133.0839,53.94,92,93,0.89
299,Victoria,HK,2021-06-05 13:53:08,22.2855,114.1577,84.33,68,76,1.99
300,Kampene,CD,2021-06-05 13:54:23,-3.6,26.6667,87.8,46,100,1.25
301,Ivaipora,BR,2021-06-05 13:54:23,-24.2478,-51.6847,72.1,56,0,6.2
302,Tuatapere,NZ,2021-06-05 13:54:24,-46.1333,167.6833,49.82,90,7,3.4
303,Sembakung,ID,2021-06-05 13:54:24,3.8167,117.25,76.39,92,99,1.36
304,Bonthe,SL,2021-06-05 13:54:24,7.5264,-12.505,83.95,70,86,9.44
305,Harseni,RO,2021-06-05 13:54:25,45.75,25.0167,73.17,54,4,6.62
306,Vila,PT,2021-06-05 13:54:25,42.0304,-8.1588,77.74,46,52,4.81
307,Marshfield,US,2021-06-05 13:54:25,44.6689,-90.1718,77.4,81,51,12.41
308,Miandrivazo,MG,2021-06-05 13:54:25,-19.5167,45.4667,74.59,69,41,1.68
309,Saint-Pierre,RE,2021-06-05 13:54:26,-21.3393,55.4781,76.64,86,90,6.91
310,Vung Tau,VN,2021-06-05 13:53:54,10.346,107.0843,85.33,76,100,13.65
311,Taphan Hin,TH,2021-06-05 13:54:26,16.2209,100.4198,87.91,72,100,4.43
312,Valkeakoski,FI,2021-06-05 13:54:27,61.2642,24.0312,74.08,43,45,1.16
313,Brae,GB,2021-06-05 13:54:27,60.3964,-1.353,51.71,66,12,6.22
314,Wadi Maliz,TN,2021-06-05 13:54:27,36.4681,8.5495,94.66,34,99,14.34
315,Alihe,CN,2021-06-05 13:54:28,50.5667,123.7167,48.25,77,1,3.0
316,Lujiang,CN,2021-06-05 13:54:28,31.2581,117.2817,80.65,74,0,8.79
317,Bom Jesus Da Lapa,BR,2021-06-05 13:54:28,-13.255,-43.4181,86.07,36,62,7.81
318,Korla,CN,2021-06-05 13:54:29,41.7597,86.1469,84.79,17,59,12.37
319,Burevestnik,RU,2021-06-05 13:54:29,56.144,43.7883,69.55,49,20,6.71
320,Esperance,AU,2021-06-05 13:54:29,-33.8667,121.9,55.24,57,99,11.72
321,Mweka,CD,2021-06-05 13:54:30,-4.85,21.5667,93.31,29,58,2.86
322,Nome,US,2021-06-05 13:54:30,64.5011,-165.4064,32.16,91,96,7.09
323,Waddan,LY,2021-06-05 13:54:30,29.1614,16.139,92.03,11,1,13.76
324,Norman Wells,CA,2021-06-05 13:54:07,65.282,-126.8329,44.64,93,75,11.5
325,Malko Tarnovo,BG,2021-06-05 13:54:31,41.9833,27.5333,71.58,47,57,1.43
326,Kingman,US,2021-06-05 13:54:31,35.1894,-114.053,81.55,12,6,4.97
327,Rosarito,MX,2021-06-05 13:54:31,32.3333,-117.0333,62.26,82,48,0.65
328,Arica,CL,2021-06-05 13:54:32,-18.475,-70.3042,64.63,68,90,3.27
329,Aksha,RU,2021-06-05 13:54:32,50.2814,113.2867,61.12,42,0,4.45
330,Tiksi,RU,2021-06-05 13:54:32,71.6872,128.8694,34.23,80,100,0.76
331,Xining,CN,2021-06-05 13:54:33,36.6167,101.7667,62.4,33,100,0.43
332,Merauke,ID,2021-06-05 13:54:33,-8.4667,140.3333,76.03,83,98,12.08
333,Kiunga,PG,2021-06-05 13:54:33,-6.1219,141.2906,71.19,100,95,1.86
334,Lata,PT,2021-06-05 13:54:34,40.1629,-8.3327,85.05,48,10,12.68
335,Egvekinot,RU,2021-06-05 13:54:34,66.3167,-179.1667,32.14,85,100,2.04
336,Kaina,NG,2021-06-05 13:54:34,12.6374,8.5873,101.08,16,72,4.5
337,Quatre Cocos,MU,2021-06-05 13:54:35,-20.2078,57.7625,77.11,73,20,9.15
338,Jumla,NP,2021-06-05 13:54:35,29.2747,82.1838,59.0,80,90,0.65
339,Beisfjord,NO,2021-06-05 13:54:35,68.3751,17.5988,62.04,56,18,7.27
340,Sinop,TR,2021-06-05 13:54:36,41.7711,34.8709,55.27,78,99,2.62
341,Drovyanaya,RU,2021-06-05 13:54:36,51.5833,113.0333,56.71,40,0,4.52
342,Sao Felix Do Xingu,BR,2021-06-05 13:54:36,-6.6447,-51.995,88.25,49,2,4.25
343,Pouebo,NC,2021-06-05 13:54:37,-20.4,164.5667,70.18,85,100,5.48
344,Lamar,US,2021-06-05 13:53:42,33.6668,-95.5836,71.53,94,90,4.99
345,Sur,OM,2021-06-05 13:54:37,22.5667,59.5289,91.49,57,0,4.92
346,Derzhavinsk,KZ,2021-06-05 13:54:37,51.1,66.3167,66.15,27,86,11.03
347,Simao,CN,2021-06-05 13:54:38,22.7886,100.9748,68.43,94,70,2.89
348,Rio Gallegos,AR,2021-06-05 13:51:44,-51.6226,-69.2181,26.65,93,0,8.05
349,Xinzhi,CN,2021-06-05 13:54:38,36.4989,111.7047,76.39,15,0,5.79
350,Belle Fourche,US,2021-06-05 13:54:38,44.6714,-103.8522,82.11,41,21,6.38
351,Sambava,MG,2021-06-05 13:54:39,-14.2667,50.1667,77.04,79,80,6.15
352,Fethiye,TR,2021-06-05 13:54:39,36.6217,29.1164,80.47,35,4,5.57
353,Tonantins,BR,2021-06-05 13:54:39,-2.8731,-67.8022,79.18,91,68,1.9
354,Starosubkhangulovo,RU,2021-06-05 13:54:40,53.1031,57.4423,64.35,38,91,6.53
355,Kallupatti,IN,2021-06-05 13:54:40,9.7167,77.8667,76.96,73,100,5.17
356,Ugoofaaru,MV,2021-06-05 13:54:40,5.6667,73.0,82.74,77,100,17.43
357,Karaton,ID,2021-06-05 13:54:41,-6.3424,106.1045,84.96,94,39,2.75
358,Balaipungut,ID,2021-06-05 13:54:41,1.05,101.2833,79.21,79,100,2.82
359,Weligama,LK,2021-06-05 13:54:41,5.9667,80.4167,79.92,84,95,12.03
360,Cody,US,2021-06-05 13:54:42,44.5263,-109.0565,72.21,50,1,3.44
361,Celestun,MX,2021-06-05 13:54:42,20.8667,-90.4,82.53,72,53,11.01
362,Pemangkat,ID,2021-06-05 13:54:42,1.1667,108.9667,81.84,78,97,6.13
363,Coruripe,BR,2021-06-05 13:54:42,-10.1256,-36.1756,79.2,81,12,16.64
364,La Paz,BO,2021-06-05 13:54:43,-16.5,-68.15,49.98,57,20,6.91
365,Tura,IN,2021-06-05 13:54:43,25.5198,90.2201,76.39,91,81,6.15
366,Santa Quiteria,BR,2021-06-05 13:54:44,-4.3319,-40.1567,89.73,40,2,7.85
367,Charters Towers,AU,2021-06-05 13:54:44,-20.1,146.2667,55.74,47,83,8.81
368,Soyo,AO,2021-06-05 13:54:44,-6.1349,12.3689,84.25,72,26,13.51
369,Bay Roberts,CA,2021-06-05 13:54:44,47.5999,-53.2648,64.51,87,100,4.43
370,Gangelt,DE,2021-06-05 13:53:25,50.9833,6.0,65.98,95,90,9.35
371,Galesong,ID,2021-06-05 13:54:45,-5.3166,119.3661,78.82,80,23,6.58
372,Khetia,IN,2021-06-05 13:54:45,21.6667,74.5833,85.59,58,89,5.08
373,Silver City,US,2021-06-05 13:50:47,32.7701,-108.2803,68.68,32,1,8.99
374,Garden City,US,2021-06-05 13:54:46,42.3256,-83.331,81.21,57,25,14.2
375,Raudeberg,NO,2021-06-05 13:54:46,61.9875,5.1352,57.87,89,100,8.39
376,Luganville,VU,2021-06-05 13:54:46,-15.5333,167.1667,76.68,81,100,1.88
377,Fartura,BR,2021-06-05 13:54:46,-23.3883,-49.51,77.04,46,0,5.91
378,General Roca,AR,2021-06-05 13:54:47,-39.0333,-67.5833,45.0,42,0,23.26
379,Waupun,US,2021-06-05 13:54:47,43.6333,-88.7296,78.35,76,10,15.59
380,Viedma,AR,2021-06-05 13:54:47,-40.8135,-62.9967,52.92,51,0,9.95
381,Namwala,ZM,2021-06-05 13:54:48,-15.7504,26.4384,74.79,30,2,8.37
382,Huarmey,PE,2021-06-05 13:54:48,-10.0681,-78.1522,67.86,77,59,7.9
383,Kobryn,BY,2021-06-05 13:54:48,52.2138,24.3564,71.55,59,87,6.15
384,Mapanas,PH,2021-06-05 13:54:49,12.475,125.2562,78.39,89,99,3.06
385,Vila Franca Do Campo,PT,2021-06-05 13:54:49,37.7167,-25.4333,68.41,67,89,4.76
386,Makubetsu,JP,2021-06-05 13:54:49,45.3714,141.8211,54.25,93,7,22.57
387,Bilma,NE,2021-06-05 13:54:50,18.6853,12.9164,108.91,8,100,19.86
388,Necochea,AR,2021-06-05 13:54:50,-38.5473,-58.7368,50.04,61,100,9.91
389,Peniche,PT,2021-06-05 13:54:50,39.3558,-9.3811,81.75,70,7,17.36
390,Fukue,JP,2021-06-05 13:54:51,32.6881,128.8419,67.3,84,95,9.26
391,Srednekolymsk,RU,2021-06-05 13:54:51,67.45,153.6833,61.0,39,5,9.6
392,Lazaro Cardenas,MX,2021-06-05 13:54:51,17.9583,-102.2,82.69,69,93,1.68
393,Vestmannaeyjar,IS,2021-06-05 13:54:52,63.4427,-20.2734,49.19,93,90,23.02
394,Binucayan,PH,2021-06-05 13:54:52,8.25,125.7167,75.06,99,100,0.67
395,Okhotsk,RU,2021-06-05 13:54:52,59.3833,143.3,39.58,91,100,1.34
396,Phalombe,MW,2021-06-05 13:54:53,-15.8064,35.6507,65.16,59,86,8.19
397,Hohhot,CN,2021-06-05 13:54:53,40.8106,111.6522,73.69,16,40,4.99
398,Batsfjord,NO,2021-06-05 13:54:53,70.6345,29.7185,52.02,74,59,20.0
399,Mednogorsk,RU,2021-06-05 13:54:54,51.4128,57.595,64.56,40,64,10.67
400,Trat,TH,2021-06-05 13:54:54,12.5,102.5,80.4,85,100,3.78
401,Manyana,BW,2021-06-05 13:54:54,-23.4,21.7167,66.2,24,0,12.26
402,Fernley,US,2021-06-05 13:54:55,39.608,-119.2518,70.21,25,7,5.01
403,Lingao,CN,2021-06-05 13:54:55,19.9103,109.6859,79.14,72,47,4.25
404,West Bay,KY,2021-06-05 13:54:55,19.3667,-81.4167,86.07,78,40,1.01
405,Carson City,US,2021-06-05 13:54:56,39.1638,-119.7674,69.87,44,1,0.0
406,Mitu,CO,2021-06-05 13:50:10,1.1983,-70.1733,80.04,81,21,0.74
407,Touros,BR,2021-06-05 13:50:59,-5.1989,-35.4608,85.1,60,31,15.03
408,Jalu,LY,2021-06-05 13:54:56,29.0331,21.5482,91.56,14,0,12.17
409,Banda Aceh,ID,2021-06-05 13:54:56,5.5577,95.3222,80.51,77,100,10.85
410,Zalantun,CN,2021-06-05 13:54:57,48.0,122.7167,52.2,88,15,5.35
411,Madingou,CG,2021-06-05 13:54:57,-4.1536,13.55,92.25,44,73,2.75
412,Beberibe,BR,2021-06-05 13:51:59,-4.1797,-38.1306,86.04,55,0,9.62
413,Ambon,ID,2021-06-05 13:54:58,-3.6954,128.1814,78.94,89,40,12.57
414,Sumbe,AO,2021-06-05 13:54:58,-11.2061,13.8437,80.58,74,100,9.71
415,Camacha,PT,2021-06-05 13:54:58,33.0833,-16.3333,67.53,60,40,14.97
416,Marion,US,2021-06-05 13:51:04,39.7684,-86.1555,77.58,65,1,7.65
417,Rypefjord,NO,2021-06-05 13:54:59,70.6333,23.6667,43.27,75,75,9.22
418,Richards Bay,ZA,2021-06-05 13:54:59,-28.783,32.0377,65.8,70,16,9.62
419,Atar,MR,2021-06-05 13:54:59,20.5169,-13.0499,101.88,15,90,20.78
420,Cap Malheureux,MU,2021-06-05 13:54:59,-19.9842,57.6142,77.49,78,5,1.99
421,Tanout,NE,2021-06-05 13:55:00,14.9709,8.8879,105.67,12,92,11.88
422,Bialogard,PL,2021-06-05 13:55:00,54.007,15.9875,79.12,56,80,13.2
423,Chapais,CA,2021-06-05 13:55:00,49.7834,-74.8492,60.58,94,100,9.6
424,Leshukonskoye,RU,2021-06-05 13:55:01,64.8989,45.7622,80.74,25,12,11.1
425,Alice Springs,AU,2021-06-05 13:55:01,-23.7,133.8833,44.15,70,0,6.11
426,Puerto Narino,CO,2021-06-05 13:55:01,-3.7703,-70.3831,78.75,81,57,0.78
427,Gasa,PS,2021-06-05 13:55:02,31.5,34.4667,81.91,50,0,12.39
428,Kemijarvi,FI,2021-06-05 13:55:02,66.7131,27.4306,71.78,38,99,8.1
429,Sawtell,AU,2021-06-05 13:55:02,-30.3833,153.1,50.32,94,2,4.61
430,Abaza,RU,2021-06-05 13:55:04,52.655,90.0928,42.33,90,74,10.29
431,Morondava,MG,2021-06-05 13:55:04,-20.2833,44.2833,76.1,69,3,11.18
432,Pisco,PE,2021-06-05 13:55:05,-13.7,-76.2167,61.02,82,20,6.91
433,Sola,VU,2021-06-05 13:55:05,-13.8833,167.55,79.34,73,93,9.37
434,Wausau,US,2021-06-05 13:55:05,44.9591,-89.6301,77.56,70,95,3.0
435,Ahipara,NZ,2021-06-05 13:55:06,-35.1667,173.1667,60.87,78,100,15.75
436,Koslan,RU,2021-06-05 13:55:06,63.4564,48.8989,79.52,26,13,8.81
437,Kondoa,TZ,2021-06-05 13:55:06,-4.9,35.7833,76.23,41,94,7.52
438,Faya,SA,2021-06-05 13:55:07,18.3851,42.4509,84.31,38,27,12.21
439,Homer,US,2021-06-05 13:55:07,59.6425,-151.5483,46.04,91,13,5.01
440,Panjab,AF,2021-06-05 13:55:07,34.388,67.0233,70.39,15,1,11.88
441,Bereda,ES,2021-06-05 13:55:08,43.2686,-7.5406,78.42,54,13,5.53
442,Pizarro,CO,2021-06-05 13:55:08,4.9533,-77.366,80.65,83,100,3.06
443,Chulman,RU,2021-06-05 13:55:08,56.8479,124.9104,53.2,56,0,4.94
444,Luwuk,ID,2021-06-05 13:55:09,-0.9516,122.7875,77.77,86,93,5.39
445,Naklo Nad Notecia,PL,2021-06-05 13:55:09,53.1421,17.6018,77.22,56,76,6.26
446,Lorengau,PG,2021-06-05 13:55:09,-2.0226,147.2712,80.67,79,37,3.85
447,Aykhal,RU,2021-06-05 13:55:09,66.0,111.5,43.23,55,31,13.78
448,Daru,PG,2021-06-05 13:55:10,-9.0763,143.2092,76.17,92,100,11.03
449,Kupang,ID,2021-06-05 13:55:10,-10.1667,123.5833,78.04,83,16,12.12
450,Maragogi,BR,2021-06-05 13:55:10,-9.0122,-35.2225,80.73,76,11,10.38
451,Meulaboh,ID,2021-06-05 13:55:11,4.1363,96.1285,78.49,82,100,4.38
452,Nelson Bay,AU,2021-06-05 13:55:11,-32.7167,152.15,51.96,70,75,11.18
453,Senno,RU,2021-06-05 13:55:11,59.5336,33.9167,78.13,30,7,4.99
454,Golden,US,2021-06-05 13:54:35,39.7555,-105.2211,81.77,41,40,1.99
455,Bartica,GY,2021-06-05 13:55:12,6.4,-58.6167,80.92,87,34,4.43
456,Tiznit,MA,2021-06-05 13:55:12,29.5833,-9.5,76.75,39,0,12.35
457,Ichnya,UA,2021-06-05 13:55:12,50.8626,32.3942,64.67,72,100,7.74
458,Mahibadhoo,MV,2021-06-05 13:55:12,3.7833,72.9667,83.08,77,90,16.11
459,Mimongo,GA,2021-06-05 13:55:13,-1.6195,11.6068,80.47,72,85,3.02
460,Vestmanna,FO,2021-06-05 13:55:13,62.1564,-7.1664,50.92,100,90,7.85
461,Stolin,BY,2021-06-05 13:55:13,51.8912,26.846,66.33,60,42,8.77
462,Luau,AO,2021-06-05 13:55:14,-10.7073,22.2247,82.89,26,61,3.13
463,Newport,GB,2021-06-05 13:53:39,51.5877,-2.9984,70.77,61,35,6.22
464,Santarem,BR,2021-06-05 13:55:14,-2.4431,-54.7083,84.33,79,40,10.36
465,Petrolina,BR,2021-06-05 13:55:14,-9.3986,-40.5008,82.45,57,40,13.8
466,Ketchikan,US,2021-06-05 13:55:15,55.3422,-131.6461,48.67,93,90,12.66
467,Kovernino,RU,2021-06-05 13:55:15,57.1253,43.8142,71.96,47,47,8.34
468,Urucara,BR,2021-06-05 13:55:15,-2.5364,-57.76,84.76,70,17,4.7
469,Kushima,JP,2021-06-05 13:55:16,31.4583,131.2333,61.25,96,100,6.49
470,Kyra,RU,2021-06-05 13:55:16,49.5776,111.9753,60.8,44,0,2.44
471,Gibsons,CA,2021-06-05 13:53:15,49.3997,-123.5027,56.3,88,80,5.75
472,Ishigaki,JP,2021-06-05 13:55:17,24.3448,124.1572,81.64,88,100,11.88
473,Wattegama,LK,2021-06-05 13:50:26,6.7989,81.4808,83.32,76,79,5.68
474,Coaticook,CA,2021-06-05 13:55:17,45.1334,-71.7991,76.82,59,89,9.84
475,Launceston,AU,2021-06-05 13:55:17,-41.45,147.1667,46.04,85,9,3.0
476,Sidi Ali,DZ,2021-06-05 13:55:18,36.0998,0.4206,72.7,73,94,14.14
477,Naze,JP,2021-06-05 13:55:18,28.3667,129.4833,71.94,87,100,10.58
478,Koumac,NC,2021-06-05 13:55:18,-20.5667,164.2833,71.64,84,100,5.55
479,Melipilla,CL,2021-06-05 13:51:09,-33.7,-71.2167,64.76,70,30,1.83
480,Maler Kotla,IN,2021-06-05 13:55:19,30.5167,75.8833,88.12,23,90,10.98
481,Moron,AR,2021-06-05 13:55:19,-34.6534,-58.6198,55.96,92,100,9.42
482,Sorong,ID,2021-06-05 13:55:19,-0.8833,131.25,78.82,87,85,5.57
483,Areka,ET,2021-06-05 13:55:20,7.0667,37.7,74.46,60,23,3.74
484,Nianzishan,CN,2021-06-05 13:55:20,47.5167,122.8833,52.99,89,21,5.14
485,Stokmarknes,NO,2021-06-05 13:55:20,68.5646,14.9108,58.37,61,38,7.11
486,Cherskiy,RU,2021-06-05 13:55:21,68.75,161.3,58.8,44,57,12.44
487,Sao Desiderio,BR,2021-06-05 13:55:21,-12.3633,-44.9733,86.25,34,30,9.95
488,Ayagoz,KZ,2021-06-05 13:55:21,47.9714,80.4392,50.99,49,3,16.87
489,Mattru,SL,2021-06-05 13:55:22,7.6244,-11.8332,85.44,69,97,4.38
490,Baie-Comeau,CA,2021-06-05 13:55:22,49.2168,-68.1489,60.8,94,90,6.42
491,Moose Factory,CA,2021-06-05 13:55:22,51.2585,-80.6094,41.0,81,90,9.22
492,Seoul,KR,2021-06-05 13:54:08,37.5683,126.9778,67.57,77,1,4.74
493,Salinas,US,2021-06-05 13:55:23,36.6777,-121.6555,55.42,88,13,3.56
494,Bathsheba,BB,2021-06-05 13:55:23,13.2167,-59.5167,86.61,54,40,21.3
495,Matam,SN,2021-06-05 13:55:23,15.6175,-13.3303,108.46,16,14,3.96
496,Imeni Poliny Osipenko,RU,2021-06-05 13:55:24,52.4201,136.4853,39.63,93,83,6.55
497,Khovu-Aksy,RU,2021-06-05 13:55:24,51.1333,93.6,44.08,83,86,10.25
498,Chantada,ES,2021-06-05 13:55:24,42.6088,-7.7712,78.4,35,48,0.67
499,Eenhana,NA,2021-06-05 13:55:25,-17.4667,16.3333,76.75,15,0,7.76
500,Panji,ID,2021-06-05 13:55:25,-7.7253,114.0995,76.41,85,75,3.36
501,Farkhor,TJ,2021-06-05 13:55:25,37.4922,69.4036,103.08,15,2,1.99
502,Kawalu,ID,2021-06-05 13:55:26,-7.3817,108.2082,75.6,93,87,1.48
503,Viljoenskroon,ZA,2021-06-05 13:55:26,-27.2084,26.9485,60.67,16,0,6.08
504,Biak,ID,2021-06-05 13:55:26,-0.9131,122.8766,77.14,84,92,6.4
505,Farmington,US,2021-06-05 13:55:27,36.7281,-108.2187,77.11,42,23,7.0
506,Mirador,BR,2021-06-05 13:55:27,-6.3708,-44.3631,88.02,47,8,9.17
507,Constitucion,CL,2021-06-05 13:55:27,-35.3333,-72.4167,52.21,64,24,7.99
508,Alexandria,EG,2021-06-05 13:52:05,31.2156,29.9553,78.76,61,0,14.97
509,Santa Cruz De Tenerife,ES,2021-06-05 13:55:28,28.4682,-16.2546,73.62,55,40,10.0
510,La Asuncion,VE,2021-06-05 13:55:22,11.0333,-63.8628,65.93,100,100,17.83
511,Bilibino,RU,2021-06-05 13:55:28,68.0546,166.4372,53.1,53,96,6.73
512,Santa Cruz,BO,2021-06-05 13:55:29,-17.8,-63.1667,75.25,78,75,17.27
513,Pianco,BR,2021-06-05 13:55:29,-7.1981,-37.9292,89.92,34,2,11.77
514,Ayr,GB,2021-06-05 13:55:29,55.4627,-4.6339,65.91,77,75,8.05
515,Yar-Sale,RU,2021-06-05 13:55:29,66.8333,70.8333,46.13,55,96,18.19
516,Tilzapotla,MX,2021-06-05 13:55:30,18.4833,-99.2667,70.27,72,25,1.14
517,Bella Union,UY,2021-06-05 13:55:30,-30.2752,-57.6007,69.24,80,100,5.53
518,Olafsvik,IS,2021-06-05 13:55:30,64.8945,-23.7142,47.71,87,100,10.45
519,Henties Bay,NA,2021-06-05 13:55:31,-22.116,14.2845,79.57,29,0,8.03
520,Lubao,PH,2021-06-05 13:55:31,14.9167,120.55,86.14,81,43,4.83
521,Kosh-Agach,RU,2021-06-05 13:55:31,50.0,88.6667,40.15,42,76,17.81
522,Baruun-Urt,MN,2021-06-05 13:55:32,46.6806,113.2792,63.18,27,0,4.07
523,Hambantota,LK,2021-06-05 13:55:32,6.1241,81.1185,84.54,74,20,15.46
524,Tamworth,GB,2021-06-05 13:51:23,52.634,-1.6959,72.64,34,68,5.01
525,Matamoros,MX,2021-06-05 13:55:32,25.5333,-103.25,73.11,51,9,0.67
526,Lidkoping,SE,2021-06-05 13:55:33,58.5052,13.1577,76.53,43,67,4.18
527,Murmashi,RU,2021-06-05 13:55:33,68.8154,32.8115,55.81,62,0,8.95
528,Dicabisagan,PH,2021-06-05 13:55:33,17.0818,122.4157,82.85,84,82,7.61
529,Berdigestyakh,RU,2021-06-05 13:55:34,62.0989,126.6992,61.61,61,100,10.58
530,Kitob,UZ,2021-06-05 13:55:34,39.0843,66.8332,99.18,11,42,16.96
531,Ilulissat,GL,2021-06-05 13:55:34,69.2167,-51.1,45.27,58,9,8.5
532,Hinton,CA,2021-06-05 13:55:35,53.4001,-117.5857,45.1,83,100,2.93
533,Esna,EG,2021-06-05 13:55:35,25.2934,32.554,96.82,9,0,18.9
534,Saint-Louis,SN,2021-06-05 13:55:35,16.3333,-15.0,111.83,12,7,10.49
535,Saint Paul,US,2021-06-05 13:52:15,44.9444,-93.0933,83.61,51,1,1.99
536,Komsomolskiy,UZ,2021-06-05 13:55:36,40.4272,71.7189,99.32,12,0,6.91
537,Aktas,KZ,2021-06-05 13:55:36,49.7789,72.9608,60.55,36,0,10.65
538,Aklavik,CA,2021-06-05 13:55:36,68.2191,-135.0107,33.8,93,90,11.5
539,Panama City,PA,2021-06-05 13:55:37,8.9936,-79.5197,88.05,73,20,0.0
540,Sabang,ID,2021-06-05 13:55:37,5.8933,95.3214,83.89,71,100,16.4
541,Tezu,IN,2021-06-05 13:55:37,27.9167,96.1667,71.65,96,100,3.29
542,Prince Rupert,CA,2021-06-05 13:55:38,54.3161,-130.3201,47.89,93,90,12.66
543,Sioux Lookout,CA,2021-06-05 13:55:38,50.1001,-91.917,70.18,73,20,5.75
544,Mitsamiouli,KM,2021-06-05 13:55:38,-11.3847,43.2844,79.74,75,92,21.21
545,Phalaborwa,ZA,2021-06-05 13:55:39,-23.943,31.1411,69.08,37,4,15.01
546,Arrecife,ES,2021-06-05 13:55:39,28.963,-13.5477,75.18,50,20,25.32
547,Saint George,US,2021-06-05 13:51:01,37.1041,-113.5841,89.35,23,1,0.0
548,Antofagasta,CL,2021-06-05 13:55:39,-23.65,-70.4,58.28,67,5,6.78
549,Sedona,US,2021-06-05 13:53:30,34.8697,-111.761,78.21,27,1,1.01
550,Camopi,GF,2021-06-05 13:55:40,3.1655,-52.3158,84.22,63,70,4.9
551,Zlitan,LY,2021-06-05 13:55:40,32.4674,14.5687,79.18,42,82,16.35
552,Senador Jose Porfirio,BR,2021-06-05 13:55:41,-2.5908,-51.9542,84.04,66,5,2.66
553,Cabo San Lucas,MX,2021-06-05 13:54:14,22.8909,-109.9124,86.4,47,0,9.44
554,Armidale,AU,2021-06-05 13:55:41,-30.5167,151.65,34.52,91,5,1.95
555,Kholmogory,RU,2021-06-05 13:55:42,64.2229,41.656,77.11,29,70,9.37
556,Bethanien,NA,2021-06-05 13:55:42,-26.502,17.1583,70.97,19,0,15.46
557,Norsup,VU,2021-06-05 13:55:42,-16.0667,167.3833,77.23,77,100,1.88
558,Samarai,PG,2021-06-05 13:55:42,-10.6167,150.6667,77.99,88,100,14.2
559,Jiuquan,CN,2021-06-05 13:55:43,39.7432,98.5174,75.31,30,100,25.97
560,Waipawa,NZ,2021-06-05 13:55:43,-41.4122,175.5153,55.02,81,73,6.31
561,Beloha,MG,2021-06-05 13:55:43,-25.1667,45.05,65.91,80,71,11.27
562,Sangar,RU,2021-06-05 13:55:44,63.9242,127.4739,53.76,74,88,12.55
563,Zhuhai,CN,2021-06-05 13:55:44,22.2769,113.5678,84.06,78,0,6.91
564,Makhalino,RU,2021-06-05 13:55:44,53.0854,46.2211,65.05,78,96,10.69
565,Mayo,US,2021-06-05 13:55:45,38.8876,-76.5119,85.05,65,24,5.99
566,Dire Dawa,ET,2021-06-05 13:55:45,9.5931,41.8661,87.57,26,58,5.93
567,Diu,IN,2021-06-05 13:55:45,20.7141,70.9822,85.84,67,0,13.27
568,Okahandja,NA,2021-06-05 13:55:46,-21.9833,16.9167,71.91,17,0,19.1
569,Pafos,CY,2021-06-05 13:55:46,34.7667,32.4167,84.24,69,20,17.27
570,Astoria,US,2021-06-05 13:55:46,46.1879,-123.8313,55.87,89,100,13.38
571,Tumpat,MY,2021-06-05 13:55:47,6.1978,102.171,75.18,94,40,2.73
572,Kodinsk,RU,2021-06-05 13:55:47,58.6881,99.1844,48.22,55,37,4.43
573,Antioquia,CO,2021-06-05 13:55:47,7.0,-75.5,64.8,67,100,2.62
574,Mandalgovi,MN,2021-06-05 13:55:48,45.7625,106.2708,65.55,43,100,10.2
575,Poya,NC,2021-06-05 13:55:48,-21.35,165.15,70.23,87,99,6.35
576,Kalmunai,LK,2021-06-05 13:55:48,7.4167,81.8167,82.9,72,84,5.68
577,Nicoya,CR,2021-06-05 13:55:49,10.1483,-85.452,76.55,69,30,6.55
578,Sisimiut,GL,2021-06-05 13:55:49,66.9395,-53.6735,41.49,81,100,11.36
579,Kaitangata,NZ,2021-06-05 13:55:49,-46.2817,169.8464,44.92,73,100,5.66
580,Ponca City,US,2021-06-05 13:55:50,36.707,-97.0856,72.95,81,100,4.0
581,Devonport,AU,2021-06-05 13:55:50,-41.1667,146.35,44.1,78,9,11.12
582,Rock Sound,BS,2021-06-05 13:55:50,24.9,-76.2,78.82,81,88,17.6
583,Ajaccio,FR,2021-06-05 13:55:50,42.0,8.9167,77.16,69,0,5.97
